target,prediction,time,latitude,longitude,adt,ice_extent,ice_missing,doy_sin,doy_cos,adt_lag_7,ice_lag_7,adt_lag_14,ice_lag_14,adt_lag_30,ice_lag_30
0.2524067931982137,0.2613074,16436.0,24.20580291748047,-88.7514419555664,0.3394600566815527,14.145,0.0,0.017213356155834685,0.9998518392091162,0.3447628048780488,13.765,0.3467956715905187,13.509,0.3667802731020267,12.363
0.2532586052902782,0.26208872,16437.0,24.20580291748047,-88.7514419555664,0.3376400807282721,14.258,0.0,0.03442161162274574,0.9994074007397048,0.3444439539677086,13.83,0.3477702335967022,13.55,0.3651448299553418,12.478
0.2542284008931639,0.26494297,16438.0,24.20580291748047,-88.7514419555664,0.3354781260735142,14.335,0.0,0.051619667223253764,0.998666816288476,0.3441564324974235,13.919,0.3479156475437993,13.577,0.3612701133631055,12.639
0.255016274476125,0.26462147,16439.0,24.20580291748047,-88.7514419555664,0.3329191429062178,14.288,0.0,0.06880242680231986,0.9976303053065857,0.343776700446582,13.899,0.3474612332531776,13.624,0.3556730762624527,12.574
0.2553173394022672,0.2665939,16440.0,24.20580291748047,-88.7514419555664,0.3299164032978358,14.304,0.0,0.08596479873744647,0.9962981749346078,0.3431776021985572,14.024,0.3466904929577464,13.673,0.3491428289247681,12.632
0.2548838801099278,0.27206415,16441.0,24.20580291748047,-88.7514419555664,0.3265142047406389,14.325,0.0,0.10310169744743485,0.9946708199115211,0.3422861903126073,14.074,0.3458802215733425,13.706,0.3425345070422535,12.649
0.2536223634489866,0.27350536,16442.0,24.20580291748047,-88.7514419555664,0.3227669787014771,14.364,0.0,0.1202080448993527,0.9927487224577402,0.3410755324630711,14.108,0.3452211868773617,13.782,0.3366653727241498,12.816
0.2516029371350051,0.2757869,16443.0,24.20580291748047,-88.7514419555664,0.3187555393335624,14.344,0.0,0.13727877211326478,0.9905324521322229,0.3394600566815527,14.145,0.3447628048780488,13.765,0.3322010992785984,12.907
0.2490391875644108,0.27608714,16444.0,24.20580291748047,-88.7514419555664,0.314584592923394,14.31,0.0,0.15430882066428117,0.9880226656636976,0.3376400807282721,14.258,0.3444439539677086,13.83,0.3295085709378221,13.004
0.2462822913088286,0.27853072,16445.0,24.20580291748047,-88.7514419555664,0.3103404242528341,14.263,0.0,0.1712931441814776,0.9852201067560606,0.3354781260735142,14.335,0.3441564324974235,13.919,0.3286981363792511,13.061
0.2437997938852628,0.2811614,16446.0,24.20580291748047,-88.7514419555664,0.3060763998625901,14.336,0.0,0.1882267098432442,0.9821256058680006,0.3329191429062178,14.288,0.343776700446582,13.899,0.3296247509446925,13.055
0.2420922535211267,0.28515565,16447.0,24.20580291748047,-88.7514419555664,0.3018286671246994,14.479,0.0,0.2051044998686192,0.9787400799669153,0.3299164032978358,14.304,0.3431776021985572,14.024,0.3319382514599794,13.033
0.2415769151494332,0.28530532,16448.0,24.20580291748047,-88.7514419555664,0.2976047578151838,14.518,0.0,0.22192151300416552,0.9750645322571948,0.3265142047406389,14.325,0.3422861903126073,14.074,0.3351722174510477,13.069
0.2425151837856406,0.28920397,16449.0,24.20580291748047,-88.7514419555664,0.2933701047749914,14.619,0.0,0.2386727660059501,0.9711000518829505,0.3227669787014771,14.364,0.3410755324630711,14.108,0.3387549295774648,13.158
0.2449841291652353,0.28988948,16450.0,24.20580291748047,-88.7514419555664,0.2890838114050155,14.56,0.0,0.255353295116187,0.9668478136052775,0.3187555393335624,14.344,0.3394600566815527,14.145,0.3421342579869461,13.301
0.2488056166265888,0.2918043,16451.0,24.20580291748047,-88.7514419555664,0.2847906303675713,14.588,0.0,0.2719581575341055,0.9623090774541486,0.314584592923394,14.31,0.3376400807282721,14.258,0.344897767090347,13.365
0.2535763225695637,0.29390848,16452.0,24.20580291748047,-88.7514419555664,0.2806008072827207,14.69,0.0,0.288482432880609,0.9574851883550393,0.3103404242528341,14.263,0.3354781260735142,14.335,0.3467956715905187,13.509
0.2587869031260735,0.2940581,16453.0,24.20580291748047,-88.7514419555664,0.2766027567846101,14.668,0.0,0.30492122465628907,0.9523775757303974,0.3060763998625901,14.336,0.3329191429062178,14.288,0.3477702335967022,13.55
0.2638943318447269,0.2939574,16454.0,24.20580291748047,-88.7514419555664,0.272881853315012,14.737,0.0,0.3212696616923644,0.9469877530760753,0.3018286671246994,14.479,0.3299164032978358,14.304,0.3479156475437993,13.577
0.2684329525936105,0.29664207,16455.0,24.20580291748047,-88.7514419555664,0.2695072998969426,14.764,0.0,0.3375228995941133,0.9413173175128471,0.2976047578151838,14.518,0.3265142047406389,14.325,0.3474612332531776,13.624
0.2720017347990381,0.2993828,16456.0,24.20580291748047,-88.7514419555664,0.2664861989007214,14.793,0.0,0.3536761221763716,0.9353679493131483,0.2933701047749914,14.619,0.3227669787014771,14.364,0.3466904929577464,13.673
0.2743581157677774,0.2974348,16457.0,24.20580291748047,-88.7514419555664,0.2637663431810375,14.801,0.0,0.3697245428906731,0.9291414114031743,0.2890838114050155,14.56,0.3187555393335624,14.344,0.3458802215733425,13.706
0.2754515716248712,0.2976502,16458.0,24.20580291748047,-88.7514419555664,0.261303083132944,14.826,0.0,0.38566340624360707,0.9226395488404876,0.2847906303675713,14.588,0.314584592923394,14.31,0.3452211868773617,13.782
0.275385443146685,0.2974983,16459.0,24.20580291748047,-88.7514419555664,0.2590593266918585,14.758,0.0,0.401487989205973,0.9158642882672872,0.2806008072827207,14.69,0.3103404242528341,14.263,0.3447628048780488,13.765
0.2743663517691515,0.2977373,16460.0,24.20580291748047,-88.7514419555664,0.2570095328065956,14.802,0.0,0.4171936026123168,0.9088176373395029,0.2766027567846101,14.668,0.3060763998625901,14.336,0.3444439539677086,13.83
0.2726935846788045,0.2991585,16461.0,24.20580291748047,-88.7514419555664,0.2551876073514256,14.76,0.0,0.4327755925504312,0.901501684131884,0.272881853315012,14.737,0.3018286671246994,14.479,0.3441564324974235,13.919
0.2706305994503607,0.30253547,16462.0,24.20580291748047,-88.7514419555664,0.2536749828237719,14.794,0.0,0.4482293417404106,0.893918596519257,0.2695072998969426,14.764,0.2976047578151838,14.518,0.343776700446582,13.899
0.2684704740638955,0.30205962,16463.0,24.20580291748047,-88.7514419555664,0.2525774390243902,14.867,0.0,0.4635502709028509,0.886070621534138,0.2664861989007214,14.793,0.2933701047749914,14.619,0.3431776021985572,14.024
0.266513878392305,0.30253592,16464.0,24.20580291748047,-88.7514419555664,0.2519866798351082,14.96,0.0,0.47873384011578846,0.8779600847008882,0.2637663431810375,14.801,0.2890838114050155,14.56,0.3422861903126073,14.074
0.2650643679148059,0.30198178,16465.0,24.20580291748047,-88.7514419555664,0.2519345671590519,14.956,0.0,0.4937755501599772,0.869589389346611,0.261303083132944,14.826,0.2847906303675713,14.588,0.3410755324630711,14.108
0.2644258931638612,0.30230573,16466.0,24.20580291748047,-88.7514419555664,0.2524067931982137,14.966,0.0,0.5086709438521044,0.8609610158889943,0.2590593266918585,14.758,0.2806008072827207,14.69,0.3394600566815527,14.145
0.264791274476125,0.30240586,16467.0,24.20580291748047,-88.7514419555664,0.2532586052902782,15.054,0.0,0.5234156073655503,0.8520775211013093,0.2570095328065956,14.802,0.2766027567846101,14.668,0.3376400807282721,14.258
0.2662343266918585,0.30163023,16468.0,24.20580291748047,-88.7514419555664,0.2542284008931639,15.086,0.0,0.5380051715382996,0.8429415373547828,0.2551876073514256,14.76,0.272881853315012,14.737,0.3354781260735142,14.335
0.2687345070422535,0.30248833,16469.0,24.20580291748047,-88.7514419555664,0.255016274476125,15.094,0.0,0.5524353131676196,0.8335557718385699,0.2536749828237719,14.794,0.2695072998969426,14.764,0.3329191429062178,14.288
0.2722092236344898,0.30241087,16470.0,24.20580291748047,-88.7514419555664,0.2553173394022672,15.139,0.0,0.5667017562911176,0.8239230057575542,0.2525774390243902,14.867,0.2664861989007214,14.793,0.3299164032978358,14.304
0.2764973033321882,0.3022835,16471.0,24.20580291748047,-88.7514419555664,0.2548838801099278,15.259,0.0,0.5808002734538009,0.8140460935082178,0.2519866798351082,14.96,0.2637663431810375,14.801,0.3265142047406389,14.325
0.2813555393335623,0.3027102,16472.0,24.20580291748047,-88.7514419555664,0.2536223634489866,15.212,0.0,0.5947266869607634,0.8039279618328213,0.2519345671590519,14.956,0.261303083132944,14.826,0.3227669787014771,14.364
0.286464745791824,0.30298075,16473.0,24.20580291748047,-88.7514419555664,0.2516029371350051,15.213,0.0,0.6084768701151261,0.7935716089521474,0.2524067931982137,14.966,0.2590593266918585,14.758,0.3187555393335624,14.344
0.2914521384403985,0.29918152,16474.0,24.20580291748047,-88.7514419555664,0.2490391875644108,15.251,0.0,0.6220467484408675,0.7829801036770629,0.2532586052902782,15.054,0.2570095328065956,14.802,0.314584592923394,14.31
0.2959422706973548,0.29589495,16475.0,24.20580291748047,-88.7514419555664,0.2462822913088286,15.238,0.0,0.6354323008901774,0.7721565844991642,0.2542284008931639,15.086,0.2551876073514256,14.76,0.3103404242528341,14.263
0.2995891274476125,0.29564273,16476.0,24.20580291748047,-88.7514419555664,0.2437997938852628,15.19,0.0,0.6486295610349814,0.7611042586607747,0.255016274476125,15.094,0.2536749828237719,14.794,0.3060763998625901,14.336
0.302111645482652,0.2943003,16477.0,24.20580291748047,-88.7514419555664,0.2420922535211267,15.197,0.0,0.6616346182422783,0.7498264012045686,0.2553173394022672,15.139,0.2525774390243902,14.867,0.3018286671246994,14.479
0.3033139470972174,0.2910624,16478.0,24.20580291748047,-88.7514419555664,0.2415769151494332,15.281,0.0,0.6744436188329455,0.7383263540031065,0.2548838801099278,15.259,0.2519866798351082,14.96,0.2976047578151838,14.518
0.3031490982480248,0.28653228,16479.0,24.20580291748047,-88.7514419555664,0.2425151837856406,15.194,0.0,0.6870527672236669,0.7266075247685656,0.2536223634489866,15.212,0.2519345671590519,14.956,0.2933701047749914,14.619
0.3017511593953968,0.28601086,16480.0,24.20580291748047,-88.7514419555664,0.2449841291652353,15.173,0.0,0.6994583270516471,0.7146733860429609,0.2516029371350051,15.213,0.2524067931982137,14.966,0.2890838114050155,14.56
0.2994388869804191,0.28312942,16481.0,24.20580291748047,-88.7514419555664,0.2488056166265888,15.173,0.0,0.7116566222817746,0.702527474169157,0.2490391875644108,15.251,0.2532586052902782,15.054,0.2847906303675713,14.588
0.2966671332875301,0.28117135,16482.0,24.20580291748047,-88.7514419555664,0.2535763225695637,15.181,0.0,0.7236440382959124,0.6901733882429719,0.2462822913088286,15.238,0.2542284008931639,15.086,0.2806008072827207,14.69
0.293909936447956,0.28112623,16483.0,24.20580291748047,-88.7514419555664,0.2587869031260735,15.266,0.0,0.7354170229639855,0.6776147890466889,0.2437997938852628,15.19,0.255016274476125,15.094,0.2766027567846101,14.668
0.2915711611130195,0.2810864,16484.0,24.20580291748047,-88.7514419555664,0.2638943318447269,15.228,0.0,0.7469720876965552,0.6648553979642865,0.2420922535211267,15.197,0.2553173394022672,15.139,0.272881853315012,14.737
0.2899440656131913,0.27394748,16485.0,24.20580291748047,-88.7514419555664,0.2684329525936105,15.267,0.0,0.7583058084785625,0.6518989958787126,0.2415769151494332,15.281,0.2548838801099278,15.259,0.2695072998969426,14.764
0.2892345156303676,0.27954972,16486.0,24.20580291748047,-88.7514419555664,0.2720017347990381,15.245,0.0,0.7694148268839378,0.6387494220515272,0.2425151837856406,15.194,0.2536223634489866,15.212,0.2664861989007214,14.793
0.2895263569220199,0.27944696,16487.0,24.20580291748047,-88.7514419555664,0.2743581157677774,15.264,0.0,0.7802958510707755,0.6254105729852463,0.2449841291652353,15.173,0.2516029371350051,15.213,0.2637663431810375,14.801
0.2907837169357609,0.27627644,16488.0,24.20580291748047,-88.7514419555664,0.2754515716248712,15.21,0.0,0.7909456567567772,0.6118864012687243,0.2488056166265888,15.173,0.2490391875644108,15.251,0.261303083132944,14.826
0.2929192545517004,0.27944696,16489.0,24.20580291748047,-88.7514419555664,0.275385443146685,15.227,0.0,0.8013610881746766,0.5981809144059164,0.2535763225695637,15.181,0.2462822913088286,15.238,0.2590593266918585,14.758
0.2958228357952593,0.2775029,16490.0,24.20580291748047,-88.7514419555664,0.2743663517691515,15.352,0.0,0.8115390590073611,0.5842981736283683,0.2587869031260735,15.266,0.2437997938852628,15.19,0.2570095328065956,14.802
0.2993299124012367,0.27611583,16491.0,24.20580291748047,-88.7514419555664,0.2726935846788045,15.358,0.0,0.8214765533024142,0.5702422926917871,0.2638943318447269,15.228,0.2420922535211267,15.197,0.2551876073514256,14.76
0.3032548522844384,0.27096266,16492.0,24.20580291748047,-88.7514419555664,0.2706305994503607,15.296,0.0,0.8311706263658079,0.5560174366570446,0.2684329525936105,15.267,0.2415769151494332,15.281,0.2536749828237719,14.794
0.3074310116798351,0.2762247,16493.0,24.20580291748047,-88.7514419555664,0.2684704740638955,15.301,0.0,0.8406184056344782,0.5416278206559814,0.2720017347990381,15.245,0.2425151837856406,15.194,0.2525774390243902,14.867
0.3116534867743044,0.27607548,16494.0,24.20580291748047,-88.7514419555664,0.266513878392305,15.37,0.0,0.8498170915275278,0.5270777086423722,0.2743581157677774,15.264,0.2449841291652353,15.173,0.2519866798351082,14.96
0.3156943919615252,0.2761491,16495.0,24.20580291748047,-88.7514419555664,0.2650643679148059,15.344,0.0,0.8587639582758029,0.5123714121284237,0.2754515716248712,15.21,0.2488056166265888,15.173,0.2519345671590519,14.956
0.3193460924081072,0.2764603,16496.0,24.20580291748047,-88.7514419555664,0.2644258931638612,15.318,0.0,0.8674563547295968,0.49751328890718066,0.275385443146685,15.227,0.2535763225695637,15.181,0.2524067931982137,14.966
0.3223187392648574,0.27579585,16497.0,24.20580291748047,-88.7514419555664,0.264791274476125,15.271,0.0,0.8758917051442429,0.48250774176121847,0.2743663517691515,15.352,0.2587869031260735,15.266,0.2532586052902782,15.054
0.324308570937822,0.27937597,16498.0,24.20580291748047,-88.7514419555664,0.2662343266918585,15.326,0.0,0.8840675099433636,0.46735921715800227,0.2726935846788045,15.358,0.2638943318447269,15.228,0.2542284008931639,15.086
0.3249989608381999,0.28022438,16499.0,24.20580291748047,-88.7514419555664,0.2687345070422535,15.296,0.0,0.8919813464595485,0.45207220393230435,0.2706305994503607,15.296,0.2684329525936105,15.267,0.255016274476125,15.094
0.3242045517004466,0.28478685,16500.0,24.20580291748047,-88.7514419555664,0.2722092236344898,15.359,0.0,0.8996308696522433,0.43665123195606403,0.2684704740638955,15.301,0.2720017347990381,15.245,0.2553173394022672,15.139
0.3218675455170044,0.28454193,16501.0,24.20580291748047,-88.7514419555664,0.2764973033321882,15.3,0.0,0.9070138128026359,0.4211008707960896,0.266513878392305,15.37,0.2743581157677774,15.264,0.2548838801099278,15.259
0.3182242270697354,0.29012525,16502.0,24.20580291748047,-88.7514419555664,0.2813555393335623,15.333,0.0,0.9141279881853337,0.40542572835999735,0.2650643679148059,15.344,0.2754515716248712,15.21,0.2536223634489866,15.212
0.3137951133631055,0.29171088,16503.0,24.20580291748047,-88.7514419555664,0.286464745791824,15.352,0.0,0.9209712877166346,0.38963044953078796,0.2644258931638612,15.318,0.275385443146685,15.227,0.2516029371350051,15.213
0.3092570680178633,0.29084313,16504.0,24.20580291748047,-88.7514419555664,0.2914521384403985,15.239,0.0,0.9275416835791966,0.37371971479046906,0.264791274476125,15.271,0.2743663517691515,15.352,0.2490391875644108,15.251
0.3053037272414978,0.2919238,16505.0,24.20580291748047,-88.7514419555664,0.2959422706973548,15.203,0.0,0.9338372288229252,0.35769823883312546,0.2662343266918585,15.326,0.2726935846788045,15.358,0.2462822913088286,15.238
0.3024898059086225,0.29098502,16506.0,24.20580291748047,-88.7514419555664,0.2995891274476125,15.138,0.0,0.9398560579418954,0.3415707691678556,0.2687345070422535,15.296,0.2706305994503607,15.296,0.2437997938852628,15.19
0.3011642734455514,0.288802,16507.0,24.20580291748047,-88.7514419555664,0.302111645482652,15.182,0.0,0.9455963874271426,0.3253420847119801,0.2722092236344898,15.359,0.2684704740638955,15.301,0.2420922535211267,15.197
0.3014162315355548,0.28691337,16508.0,24.20580291748047,-88.7514419555664,0.3033139470972174,15.12,0.0,0.9510565162951535,0.30901699437494745,0.2764973033321882,15.3,0.266513878392305,15.37,0.2415769151494332,15.281
0.3030144194434902,0.28718352,16509.0,24.20580291748047,-88.7514419555664,0.3031490982480248,15.124,0.0,0.9562348265919056,0.29260033563334836,0.2813555393335623,15.333,0.2650643679148059,15.344,0.2425151837856406,15.194
0.3055183785640673,0.28785032,16510.0,24.20580291748047,-88.7514419555664,0.3017511593953968,15.191,0.0,0.9611297838723007,0.27609697309746883,0.286464745791824,15.352,0.2644258931638612,15.318,0.2449841291652353,15.173
0.3084498797664032,0.28783572,16511.0,24.20580291748047,-88.7514419555664,0.2994388869804191,15.243,0.0,0.9657399376548549,0.2595117970697999,0.2914521384403985,15.239,0.264791274476125,15.271,0.2488056166265888,15.173
0.3113606578495363,0.28743497,16512.0,24.20580291748047,-88.7514419555664,0.2966671332875301,15.206,0.0,0.970063921851507,0.2428497220959356,0.2959422706973548,15.203,0.2662343266918585,15.326,0.2535763225695637,15.181
0.3139084335279972,0.28889838,16513.0,24.20580291748047,-88.7514419555664,0.293909936447956,15.167,0.0,0.9741004551724205,0.22611568550828828,0.2995891274476125,15.138,0.2687345070422535,15.296,0.2587869031260735,15.266
0.3158628821710753,0.28752574,16514.0,24.20580291748047,-88.7514419555664,0.2915711611130195,15.251,0.0,0.9778483415056568,0.20931464596304847,0.302111645482652,15.182,0.2722092236344898,15.359,0.2638943318447269,15.228
0.3170981707317073,0.29059967,16515.0,24.20580291748047,-88.7514419555664,0.2899440656131913,15.288,0.0,0.9813064702716093,0.19245158197082998,0.3033139470972174,15.12,0.2764973033321882,15.3,0.2684329525936105,15.267
0.3174649690827894,0.2899641,16516.0,24.20580291748047,-88.7514419555664,0.2892345156303676,15.3,0.0,0.9844738167520922,0.1755314904214282,0.3031490982480248,15.124,0.2813555393335623,15.333,0.2720017347990381,15.245
0.3168978357952594,0.28769964,16517.0,24.20580291748047,-88.7514419555664,0.2895263569220199,15.271,0.0,0.9873494423939864,0.15855938510313478,0.3017511593953968,15.191,0.286464745791824,15.352,0.2743581157677774,15.264
0.3153970113363105,0.29000974,16518.0,24.20580291748047,-88.7514419555664,0.2907837169357609,15.256,0.0,0.989932495087353,0.141540295217043,0.2994388869804191,15.243,0.2914521384403985,15.239,0.2754515716248712,15.21
0.3130955170044658,0.29071075,16519.0,24.20580291748047,-88.7514419555664,0.2929192545517004,15.217,0.0,0.9922222094179323,0.12447926388678915,0.2966671332875301,15.206,0.2959422706973548,15.203,0.275385443146685,15.227
0.310267296461697,0.29334286,16520.0,24.20580291748047,-88.7514419555664,0.2958228357952593,15.193,0.0,0.994217906893952,0.10738134666416309,0.293909936447956,15.167,0.2995891274476125,15.138,0.2743663517691515,15.352
0.3072916180006871,0.29186782,16521.0,24.20580291748047,-88.7514419555664,0.2993299124012367,15.261,0.0,0.995918996147179,0.09025161003104117,0.2915711611130195,15.251,0.302111645482652,15.182,0.2726935846788045,15.358
0.3045628564067331,0.29326317,16522.0,24.20580291748047,-88.7514419555664,0.3032548522844384,15.289,0.0,0.9973249731081555,0.07309512989807777,0.2899440656131913,15.288,0.3033139470972174,15.12,0.2706305994503607,15.296
0.3024144194434902,0.29316255,16523.0,24.20580291748047,-88.7514419555664,0.3074310116798351,15.304,0.0,0.9984354211555643,0.055916990100603484,0.2892345156303676,15.3,0.3031490982480248,15.124,0.2684704740638955,15.301
0.3010252662315355,0.29156733,16524.0,24.20580291748047,-88.7514419555664,0.3116534867743044,15.339,0.0,0.9992500112396835,0.03872228089217446,0.2895263569220199,15.271,0.3017511593953968,15.191,0.266513878392305,15.37
0.300387676056338,0.28999472,16525.0,24.20580291748047,-88.7514419555664,0.3156943919615252,15.384,0.0,0.9997685019798909,0.021516097436222254,0.2907837169357609,15.256,0.2994388869804191,15.243,0.2650643679148059,15.344
0.300266600824459,0.29114226,16526.0,24.20580291748047,-88.7514419555664,0.3193460924081072,15.219,0.0,0.9999907397361901,0.004303538296244289,0.2929192545517004,15.217,0.2966671332875301,15.206,0.2644258931638612,15.318
0.3003080298866368,0.2904451,16527.0,24.20580291748047,-88.7514419555664,0.3223187392648574,15.118,0.0,0.9999166586547379,-0.01291029607500882,0.2958228357952593,15.193,0.293909936447956,15.167,0.264791274476125,15.271
0.3001686362074888,0.2886347,16528.0,24.20580291748047,-88.7514419555664,0.324308570937822,15.108,0.0,0.9995462806873573,-0.030120304846908114,0.2993299124012367,15.261,0.2915711611130195,15.251,0.2662343266918585,15.326
0.2996500171762281,0.28922942,16529.0,24.20580291748047,-88.7514419555664,0.3249989608381999,14.977,0.0,0.9988797155850336,-0.04732138832243185,0.3032548522844384,15.289,0.2899440656131913,15.288,0.2687345070422535,15.296
0.2987985400206115,0.2899868,16530.0,24.20580291748047,-88.7514419555664,0.3242045517004466,14.906,0.0,0.9979171608653922,-0.06450844944931623,0.3074310116798351,15.304,0.2892345156303676,15.3,0.2722092236344898,15.359
0.2978681037444177,0.28976786,16531.0,24.20580291748047,-88.7514419555664,0.3218675455170044,14.937,0.0,0.9966589017541702,-0.08167639533042241,0.3116534867743044,15.339,0.2895263569220199,15.271,0.2764973033321882,15.3
0.2973155101339746,0.289247,16532.0,24.20580291748047,-88.7514419555664,0.3182242270697354,14.923,0.0,0.9951053111006976,-0.09882013873287143,0.3156943919615252,15.384,0.2907837169357609,15.256,0.2813555393335623,15.333
0.2976623411198901,0.2925109,16533.0,24.20580291748047,-88.7514419555664,0.3137951133631055,14.871,0.0,0.9932568492674143,-0.11593459959550041,0.3193460924081072,15.219,0.2929192545517004,15.217,0.286464745791824,15.352
0.2993030144280316,0.29422513,16534.0,24.20580291748047,-88.7514419555664,0.3092570680178633,14.71,0.0,0.9911140639934547,-0.1330147065341959,0.3223187392648574,15.118,0.2958228357952593,15.193,0.2914521384403985,15.239
0.3023929148059086,0.29377112,16535.0,24.20580291748047,-88.7514419555664,0.3053037272414978,14.686,0.0,0.9886775902323405,-0.1500553983446526,0.324308570937822,15.108,0.2993299124012367,15.261,0.2959422706973548,15.203
0.3068112418412917,0.298476,16536.0,24.20580291748047,-88.7514419555664,0.3024898059086225,14.593,0.0,0.9859481499638304,-0.16705162550211924,0.3249989608381999,14.977,0.3032548522844384,15.289,0.2995891274476125,15.138
0.3121404500171762,0.3010869,16537.0,24.20580291748047,-88.7514419555664,0.3011642734455514,14.596,0.0,0.9829265519799822,-0.18399835165768005,0.3242045517004466,14.906,0.3074310116798351,15.304,0.302111645482652,15.182
0.31778047062865,0.30045512,16538.0,24.20580291748047,-88.7514419555664,0.3014162315355548,14.536,0.0,0.9796136916454901,-0.20089055513063506,0.3218675455170044,14.937,0.3116534867743044,15.339,0.3033139470972174,15.12
0.3230826176571625,0.29959047,16539.0,24.20580291748047,-88.7514419555664,0.3030144194434902,14.458,0.0,0.9760105506323683,-0.21772323039653177,0.3182242270697354,14.923,0.3156943919615252,15.384,0.3031490982480248,15.124
0.3275319134318104,0.30479386,16540.0,24.20580291748047,-88.7514419555664,0.3055183785640673,14.483,0.0,0.9721181966290613,-0.23449138957040985,0.3137951133631055,14.871,0.3193460924081072,15.219,0.3017511593953968,15.191
0.3308470542768808,0.30691314,16541.0,24.20580291748047,-88.7514419555664,0.3084498797664032,14.34,0.0,0.9679377830240642,-0.25119006388481935,0.3092570680178633,14.71,0.3223187392648574,15.118,0.2994388869804191,15.243
0.332949493301271,0.30676705,16542.0,24.20580291748047,-88.7514419555664,0.3113606578495363,14.325,0.0,0.9634705485641488,-0.2678143051621742,0.3053037272414978,14.686,0.324308570937822,15.108,0.2966671332875301,15.206
0.3339746221229818,0.3090629,16543.0,24.20580291748047,-88.7514419555664,0.3139084335279972,14.337,0.0,0.9587178169872964,-0.2843591872810034,0.3024898059086225,14.593,0.3249989608381999,14.977,0.293909936447956,15.167
0.3341854259704569,0.30822003,16544.0,24.20580291748047,-88.7514419555664,0.3158628821710753,14.35,0.0,0.9536809966304457,-0.30081980763566735,0.3011642734455514,14.596,0.3242045517004466,14.906,0.2915711611130195,15.251
0.3339177859841979,0.30958113,16545.0,24.20580291748047,-88.7514419555664,0.3170981707317073,14.261,0.0,0.9483615800121715,-0.3171912885891061,0.3014162315355548,14.536,0.3218675455170044,14.937,0.2899440656131913,15.288
0.3335132686362075,0.30990192,16546.0,24.20580291748047,-88.7514419555664,0.3174649690827894,14.231,0.0,0.9427611433904207,-0.3334687789181868,0.3030144194434902,14.458,0.3182242270697354,14.923,0.2892345156303676,15.3
0.3333014342150464,0.31316555,16547.0,24.20580291748047,-88.7514419555664,0.3168978357952594,14.161,0.0,0.9368813462954315,-0.3496474552512284,0.3055183785640673,14.483,0.3137951133631055,14.871,0.2895263569220199,15.271
0.333511130195809,0.31828192,16548.0,24.20580291748047,-88.7514419555664,0.3153970113363105,14.06,0.0,0.9307239310379795,-0.36572252349726897,0.3084498797664032,14.34,0.3092570680178633,14.71,0.2907837169357609,15.256
0.334232531776022,0.3227233,16549.0,24.20580291748047,-88.7514419555664,0.3130955170044658,14.006,0.0,0.9242907221930934,-0.3816892202666588,0.3113606578495363,14.325,0.3053037272414978,14.686,0.2929192545517004,15.217
0.3354368601855032,0.32386324,16550.0,24.20580291748047,-88.7514419555664,0.310267296461697,13.984,0.0,0.9175836260593937,-0.39754281428255595,0.3139084335279972,14.337,0.3024898059086225,14.593,0.2958228357952593,15.193
0.3370246307110958,0.32345095,16551.0,24.20580291748047,-88.7514419555664,0.3072916180006871,13.951,0.0,0.9106046300942163,-0.4132786077829042,0.3158628821710753,14.35,0.3011642734455514,14.596,0.2993299124012367,15.261
0.3388149089659911,0.32336268,16552.0,24.20580291748047,-88.7514419555664,0.3045628564067331,13.925,0.0,0.9033558023246845,-0.4288919379124835,0.3170981707317073,14.261,0.3014162315355548,14.536,0.3032548522844384,15.289
0.3405771470285125,0.32366297,16553.0,24.20580291748047,-88.7514419555664,0.3024144194434902,13.882,0.0,0.895839290734909,-0.4443781781046132,0.3174649690827894,14.231,0.3030144194434902,14.458,0.3074310116798351,15.304
0.3420970199244246,0.3241344,16554.0,24.20580291748047,-88.7514419555664,0.3010252662315355,13.814,0.0,0.8880573226294932,-0.45973273945210397,0.3168978357952594,14.161,0.3055183785640673,14.483,0.3116534867743044,15.339
0.3432354002061147,0.32392883,16555.0,24.20580291748047,-88.7514419555664,0.300387676056338,13.71,0.0,0.8800122039735357,-0.47495107206704995,0.3153970113363105,14.06,0.3084498797664032,14.34,0.3156943919615252,15.384
0.3439748883545174,0.32346767,16556.0,24.20580291748047,-88.7514419555664,0.300266600824459,13.556,0.0,0.8717063187093218,-0.49002866642905923,0.3130955170044658,14.006,0.3113606578495363,14.325,0.3193460924081072,15.219
0.3443381140501546,0.32189882,16557.0,24.20580291748047,-88.7514419555664,0.3003080298866368,13.539,0.0,0.8631421280499114,-0.5049610547215204,0.310267296461697,13.984,0.3139084335279972,14.337,0.3223187392648574,15.118
0.3443588199931295,0.32178357,16558.0,24.20580291748047,-88.7514419555664,0.3001686362074888,13.54,0.0,0.854322169749827,-0.5197438121555155,0.3072916180006871,13.951,0.3158628821710753,14.35,0.324308570937822,15.108
0.3440634060460323,0.31822795,16559.0,24.20580291748047,-88.7514419555664,0.2996500171762281,13.515,0.0,0.8452490573530633,-0.5343725582809787,0.3045628564067331,13.925,0.3170981707317073,14.261,0.3249989608381999,14.977
0.3434255324630711,0.317801,16560.0,24.20580291748047,-88.7514419555664,0.2987985400206115,13.449,0.0,0.835925479418637,-0.548842958284719,0.3024144194434902,13.882,0.3174649690827894,14.231,0.3242045517004466,14.906
0.3423614307798008,0.3164214,16561.0,24.20580291748047,-88.7514419555664,0.2978681037444177,13.437,0.0,0.8263541987239096,-0.5631507242749186,0.3010252662315355,13.814,0.3168978357952594,14.161,0.3218675455170044,14.937
0.3408328409481277,0.31614962,16562.0,24.20580291748047,-88.7514419555664,0.2973155101339746,13.419,0.0,0.8165380514459161,-0.5772916165517272,0.300387676056338,13.71,0.3153970113363105,14.06,0.3182242270697354,14.923
0.338844520783236,0.31767058,16563.0,24.20580291748047,-88.7514419555664,0.2976623411198901,13.404,0.0,0.8064799463209448,-0.5912614448635781,0.300266600824459,13.556,0.3130955170044658,14.006,0.3137951133631055,14.871
0.3364982566128479,0.31677347,16564.0,24.20580291748047,-88.7514419555664,0.2993030144280316,13.36,0.0,0.7961828637826158,-0.6050560696488488,0.3003080298866368,13.539,0.310267296461697,13.984,0.3092570680178633,14.71
0.333967107523188,0.31688124,16565.0,24.20580291748047,-88.7514419555664,0.3023929148059086,13.379,0.0,0.7856498550787145,-0.6186714032625031,0.3001686362074888,13.54,0.3072916180006871,13.951,0.3053037272414978,14.686
0.3314993816557883,0.31692603,16566.0,24.20580291748047,-88.7514419555664,0.3068112418412917,13.388,0.0,0.7748840413670407,-0.6321034111873487,0.2996500171762281,13.515,0.3045628564067331,13.925,0.3024898059086225,14.593
0.3293585022329096,0.31791216,16567.0,24.20580291748047,-88.7514419555664,0.3121404500171762,13.35,0.0,0.7638886127905428,-0.6453481132295501,0.2987985400206115,13.449,0.3024144194434902,13.882,0.3011642734455514,14.596
0.3277674338715218,0.31853676,16568.0,24.20580291748047,-88.7514419555664,0.31778047062865,13.321,0.0,0.7526668275320084,-0.6584015846980488,0.2978681037444177,13.437,0.3010252662315355,13.814,0.3014162315355548,14.536
0.3268507214015802,0.31937468,16569.0,24.20580291748047,-88.7514419555664,0.3230826176571625,13.245,0.0,0.741222010848596,-0.6712599575675313,0.2973155101339746,13.419,0.300387676056338,13.71,0.3030144194434902,14.458
0.3266348419787014,0.32157278,16570.0,24.20580291748047,-88.7514419555664,0.3275319134318104,13.212,0.0,0.7295575540864875,-0.6839194216246106,0.2976623411198901,13.404,0.300266600824459,13.556,0.3055183785640673,14.483
0.327079105118516,0.32985684,16571.0,24.20580291748047,-88.7514419555664,0.3308470542768808,13.107,0.0,0.717676913675962,-0.6963762255968722,0.2993030144280316,13.36,0.3003080298866368,13.539,0.3084498797664032,14.34
0.3280641532119547,0.32883108,16572.0,24.20580291748047,-88.7514419555664,0.332949493301271,13.068,0.0,0.705583610107178,-0.7086266782644596,0.3023929148059086,13.379,0.3001686362074888,13.54,0.3113606578495363,14.325
0.3294243473033322,0.32112014,16573.0,24.20580291748047,-88.7514419555664,0.3339746221229818,12.951,0.0,0.6932812268869777,-0.7206671495538609,0.3068112418412917,13.388,0.2996500171762281,13.515,0.3139084335279972,14.337
0.3310075747165922,0.32995504,16574.0,24.20580291748047,-88.7514419555664,0.3341854259704569,12.859,0.0,0.6807734094770161,-0.7324940716135789,0.3121404500171762,13.35,0.2987985400206115,13.449,0.3158628821710753,14.35
0.3327451047749914,0.33031458,16575.0,24.20580291748047,-88.7514419555664,0.3339177859841979,12.775,0.0,0.6680638642135335,-0.7441039398713607,0.31778047062865,13.321,0.2978681037444177,13.437,0.3170981707317073,14.261
0.334708047062865,0.33354545,16576.0,24.20580291748047,-88.7514419555664,0.3335132686362075,12.662,0.0,0.6551563572090853,-0.7554933140726803,0.3230826176571625,13.245,0.2973155101339746,13.419,0.3174649690827894,14.231
0.3370385005152869,0.33390102,16577.0,24.20580291748047,-88.7514419555664,0.3333014342150464,12.559,0.0,0.6420547132365637,-0.766658819300159,0.3275319134318104,13.212,0.2976623411198901,13.404,0.3168978357952594,14.161
0.3398597303332188,0.3351137,16578.0,24.20580291748047,-88.7514419555664,0.333511130195809,12.495,0.0,0.6287628145958344,-0.777597146973627,0.3308470542768808,13.107,0.2993030144280316,13.36,0.3153970113363105,14.06
0.3431476897973204,0.33594942,16579.0,24.20580291748047,-88.7514419555664,0.334232531776022,12.436,0.0,0.6152845999633276,-0.7883050558305255,0.332949493301271,13.068,0.3023929148059086,13.379,0.3130955170044658,14.006
0.34668458433528,0.33688948,16580.0,24.20580291748047,-88.7514419555664,0.3354368601855032,12.348,0.0,0.6016240632249226,-0.7987793728863649,0.3339746221229818,12.951,0.3068112418412917,13.388,0.310267296461697,13.984
0.3500783321882514,0.33664614,16581.0,24.20580291748047,-88.7514419555664,0.3370246307110958,12.335,0.0,0.5877852522924732,-0.8090169943749473,0.3341854259704569,12.859,0.3121404500171762,13.35,0.3072916180006871,13.951
0.3527985400206115,0.3375392,16582.0,24.20580291748047,-88.7514419555664,0.3388149089659911,12.349,0.0,0.5737722679043246,-0.8190148866680801,0.3339177859841979,12.775,0.31778047062865,13.321,0.3045628564067331,13.925
0.3543482737890759,0.3384317,16583.0,24.20580291748047,-88.7514419555664,0.3405771470285125,12.298,0.0,0.5595892624101765,-0.8287700871745037,0.3335132686362075,12.662,0.3230826176571625,13.245,0.3024144194434902,13.882
0.3544381999312951,0.33930862,16584.0,24.20580291748047,-88.7514419555664,0.3420970199244246,12.295,0.0,0.545240438540651,-0.8382797052177743,0.3333014342150464,12.559,0.3275319134318104,13.212,0.3010252662315355,13.814
0.3530913002404671,0.34030715,16585.0,24.20580291748047,-88.7514419555664,0.3432354002061147,12.268,0.0,0.5307300481619334,-0.8475409228928311,0.333511130195809,12.495,0.3308470542768808,13.107,0.300387676056338,13.71
0.3508220371006527,0.34054336,16586.0,24.20580291748047,-88.7514419555664,0.3439748883545174,12.215,0.0,0.5160623910158528,-0.8565509959010036,0.334232531776022,12.436,0.332949493301271,13.068,0.300266600824459,13.556
0.3484227327378907,0.3403438,16587.0,24.20580291748047,-88.7514419555664,0.3443381140501546,12.096,0.0,0.5012418134457758,-0.865307254363206,0.3354368601855032,12.348,0.3339746221229818,12.951,0.3003080298866368,13.539
0.34672979216764,0.3411074,16588.0,24.20580291748047,-88.7514419555664,0.3443588199931295,12.048,0.0,0.48627270710869,-0.8738071036110808,0.3370246307110958,12.335,0.3341854259704569,12.859,0.3001686362074888,13.54
0.3463692803160426,0.34156832,16589.0,24.20580291748047,-88.7514419555664,0.3440634060460323,11.995,0.0,0.4711595076738638,-0.8820480249558537,0.3388149089659911,12.349,0.3339177859841979,12.775,0.2996500171762281,13.515
0.3475784008931639,0.34105068,16590.0,24.20580291748047,-88.7514419555664,0.3434255324630711,11.987,0.0,0.4559066935084588,-0.8900275764346767,0.3405771470285125,12.298,0.3335132686362075,12.662,0.2987985400206115,13.449
0.3501749570594297,0.34339452,16591.0,24.20580291748047,-88.7514419555664,0.3423614307798008,11.969,0.0,0.440518784350495,-0.8977433935342337,0.3420970199244246,12.295,0.3333014342150464,12.559,0.2978681037444177,13.437
0.3535525077293027,0.34331942,16592.0,24.20580291748047,-88.7514419555664,0.3408328409481277,11.882,0.0,0.42500033996955416,-0.9051931898913974,0.3432354002061147,12.268,0.333511130195809,12.495,0.2973155101339746,13.419
0.3568526279628994,0.34332997,16593.0,24.20580291748047,-88.7514419555664,0.338844520783236,11.844,0.0,0.4093559588156213,-0.9123747579707273,0.3439748883545174,12.215,0.334232531776022,12.436,0.2976623411198901,13.404
0.3592763483339058,0.34220737,16594.0,24.20580291748047,-88.7514419555664,0.3364982566128479,11.84,0.0,0.39359027665646673,-0.9192859697186104,0.3443381140501546,12.096,0.3354368601855032,12.348,0.2993030144280316,13.36
0.3603447784266576,0.34175146,16595.0,24.20580291748047,-88.7514419555664,0.333967107523188,11.753,0.0,0.3777079652039649,-0.9259247771938498,0.3443588199931295,12.048,0.3370246307110958,12.335,0.3023929148059086,13.379
0.3600401666094125,0.34157443,16596.0,24.20580291748047,-88.7514419555664,0.3314993816557883,11.768,0.0,0.36171373072976765,-0.9322892131745133,0.3440634060460323,11.995,0.3388149089659911,12.349,0.3068112418412917,13.388
0.3587180779800756,0.34084255,16597.0,24.20580291748047,-88.7514419555664,0.3293585022329096,11.657,0.0,0.3456123126707335,-0.9383773917408641,0.3434255324630711,11.987,0.3405771470285125,12.298,0.3121404500171762,13.35
0.3570177602198557,0.34175232,16598.0,24.20580291748047,-88.7514419555664,0.3277674338715218,11.656,0.0,0.3294084822245304,-0.9441875088341993,0.3423614307798008,11.969,0.3420970199244246,12.295,0.31778047062865,13.321
0.3556578323600137,0.3388746,16599.0,24.20580291748047,-88.7514419555664,0.3268507214015802,11.583,0.0,0.3131070409358269,-0.9497178427914316,0.3408328409481277,11.882,0.3432354002061147,12.268,0.3230826176571625,13.245
0.3552037530058399,0.3497269,16600.0,24.20580291748047,-88.7514419555664,0.3266348419787014,11.551,0.0,0.29671281927349075,-0.9549667548552551,0.338844520783236,11.844,0.3439748883545174,12.215,0.3275319134318104,13.212
0.3559670559945036,0.35005748,16601.0,24.20580291748047,-88.7514419555664,0.327079105118516,11.523,0.0,0.28023067519921585,-0.9599326896597447,0.3364982566128479,11.84,0.3443381140501546,12.096,0.3308470542768808,13.107
0.3577784610099622,0.3505592,16602.0,24.20580291748047,-88.7514419555664,0.3280641532119547,11.509,0.0,0.26366549272800704,-0.9646141756912435,0.333967107523188,11.753,0.3443588199931295,12.048,0.332949493301271,13.068
0.36010718825146,0.35303688,16603.0,24.20580291748047,-88.7514419555664,0.3294243473033322,11.399,0.0,0.24702218048093552,-0.9690098257244062,0.3314993816557883,11.768,0.3440634060460323,11.995,0.3339746221229818,12.951
0.3622891789762968,0.3567546,16604.0,24.20580291748047,-88.7514419555664,0.3310075747165922,11.311,0.0,0.23030567023061221,-0.9731183372332619,0.3293585022329096,11.657,0.3434255324630711,11.987,0.3341854259704569,12.859
0.3637092923394022,0.35794935,16605.0,24.20580291748047,-88.7514419555664,0.3327451047749914,11.314,0.0,0.21352091543979612,-0.9769384927771817,0.3277674338715218,11.656,0.3423614307798008,11.969,0.3339177859841979,12.775
0.3639501545860529,0.35964572,16606.0,24.20580291748047,-88.7514419555664,0.334708047062865,11.253,0.0,0.19667288979357647,-0.980469160361632,0.3268507214015802,11.583,0.3408328409481277,11.882,0.3335132686362075,12.662
0.3628827550669873,0.36102915,16607.0,24.20580291748047,-88.7514419555664,0.3370385005152869,11.147,0.0,0.1797665857255624,-0.9837092937736097,0.3266348419787014,11.551,0.338844520783236,11.844,0.3333014342150464,12.559
0.3607336825833047,0.3612219,16608.0,24.20580291748047,-88.7514419555664,0.3398597303332188,11.055,0.0,0.16280701293851715,-0.986657932891657,0.327079105118516,11.523,0.3364982566128479,11.84,0.333511130195809,12.495
0.3581005754036413,0.3617133,16609.0,24.20580291748047,-88.7514419555664,0.3431476897973204,11.08,0.0,0.1457991969198751,-0.9893142039703663,0.3280641532119547,11.509,0.333967107523188,11.753,0.334232531776022,12.436
0.3558202421848162,0.36201888,16610.0,24.20580291748047,-88.7514419555664,0.34668458433528,10.983,0.0,0.12874817745258132,-0.99167731989929,0.3294243473033322,11.399,0.3314993816557883,11.768,0.3354368601855032,12.348
0.3546981535554793,0.36355653,16611.0,24.20580291748047,-88.7514419555664,0.3500783321882514,11.016,0.0,0.11165900712169512,-0.993746580436178,0.3310075747165922,11.311,0.3293585022329096,11.657,0.3370246307110958,12.335
0.3554078237718996,0.3637426,16612.0,24.20580291748047,-88.7514419555664,0.3527985400206115,10.967,0.0,0.09453674981719912,-0.9955213724144752,0.3327451047749914,11.314,0.3277674338715218,11.656,0.3388149089659911,12.349
0.3583608897286155,0.3635184,16613.0,24.20580291748047,-88.7514419555664,0.3543482737890759,10.895,0.0,0.07738647923346301,-0.9970011699250151,0.334708047062865,11.253,0.3268507214015802,11.583,0.3405771470285125,12.298
0.3635551528684301,0.36555997,16614.0,24.20580291748047,-88.7514419555664,0.3544381999312951,10.798,0.0,0.06021327736579302,-0.9981855344718586,0.3370385005152869,11.147,0.3266348419787014,11.551,0.3420970199244246,12.295
0.3705371693576091,0.36632532,16615.0,24.20580291748047,-88.7514419555664,0.3530913002404671,10.704,0.0,0.04302223300453059,-0.99907411510223,0.3398597303332188,11.055,0.327079105118516,11.523,0.3432354002061147,12.268
0.3785060546204053,0.3703267,16616.0,24.20580291748047,-88.7514419555664,0.3508220371006527,10.63,0.0,0.02581844022713308,-0.9996666485105112,0.3431476897973204,11.08,0.3280641532119547,11.509,0.3439748883545174,12.215
0.3864644108553762,0.3701862,16617.0,24.20580291748047,-88.7514419555664,0.3484227327378907,10.423,0.0,0.008606996888688698,-0.9999629591162655,0.34668458433528,10.983,0.3294243473033322,11.399,0.3443381140501546,12.096
0.3934022758502233,0.37001872,16618.0,24.20580291748047,-88.7514419555664,0.34672979216764,10.346,0.0,-0.008606996888688009,-0.9999629591162655,0.3500783321882514,11.016,0.3310075747165922,11.311,0.3443588199931295,12.048
0.3984564324974236,0.37001872,16619.0,24.20580291748047,-88.7514419555664,0.3463692803160426,10.294,0.0,-0.02581844022713239,-0.9996666485105112,0.3527985400206115,10.967,0.3327451047749914,11.314,0.3440634060460323,11.995
0.401085099622123,0.36629525,16620.0,24.20580291748047,-88.7514419555664,0.3475784008931639,10.256,0.0,-0.04302223300453034,-0.99907411510223,0.3543482737890759,10.895,0.334708047062865,11.253,0.3434255324630711,11.987
0.4011487203710065,0.3649301,16621.0,24.20580291748047,-88.7514419555664,0.3501749570594297,10.137,0.0,-0.060213277365792774,-0.9981855344718586,0.3544381999312951,10.798,0.3370385005152869,11.147,0.3423614307798008,11.969
0.3990334936447955,0.3627273,16622.0,24.20580291748047,-88.7514419555664,0.3535525077293027,9.894,0.0,-0.07738647923346322,-0.9970011699250151,0.3530913002404671,10.704,0.3398597303332188,11.055,0.3408328409481277,11.882
0.3955575833047062,0.36017653,16623.0,24.20580291748047,-88.7514419555664,0.3568526279628994,9.754,0.0,-0.09453674981719933,-0.9955213724144752,0.3508220371006527,10.63,0.3431476897973204,11.08,0.338844520783236,11.844
0.3917006956372381,0.36037204,16624.0,24.20580291748047,-88.7514419555664,0.3592763483339058,9.672,0.0,-0.11165900712169444,-0.9937465804361781,0.3484227327378907,10.423,0.34668458433528,10.983,0.3364982566128479,11.84
0.3884068876674682,0.36146003,16625.0,24.20580291748047,-88.7514419555664,0.3603447784266576,9.655,0.0,-0.12874817745258066,-0.99167731989929,0.34672979216764,10.346,0.3500783321882514,11.016,0.333967107523188,11.753
0.3864086568189626,0.36178678,16626.0,24.20580291748047,-88.7514419555664,0.3600401666094125,9.477,0.0,-0.14579919691987442,-0.9893142039703664,0.3463692803160426,10.294,0.3527985400206115,10.967,0.3314993816557883,11.768
0.3861128048780488,0.360686,16627.0,24.20580291748047,-88.7514419555664,0.3587180779800756,9.389,0.0,-0.16280701293851646,-0.9866579328916572,0.3475784008931639,10.256,0.3543482737890759,10.895,0.3293585022329096,11.657
0.387542116111302,0.3609519,16628.0,24.20580291748047,-88.7514419555664,0.3570177602198557,9.273,0.0,-0.17976658572556214,-0.9837092937736098,0.3501749570594297,10.137,0.3544381999312951,10.798,0.3277674338715218,11.656
0.3903341205771213,0.36906445,16629.0,24.20580291748047,-88.7514419555664,0.3556578323600137,9.197,0.0,-0.19667288979357622,-0.9804691603616321,0.3535525077293027,9.894,0.3530913002404671,10.704,0.3268507214015802,11.583
0.3938996736516661,0.37049642,16630.0,24.20580291748047,-88.7514419555664,0.3552037530058399,9.131,0.0,-0.2135209154397959,-0.9769384927771817,0.3568526279628994,9.754,0.3508220371006527,10.63,0.3266348419787014,11.551
0.3976411198900721,0.37083775,16631.0,24.20580291748047,-88.7514419555664,0.3559670559945036,9.029,0.0,-0.23030567023061196,-0.973118337233262,0.3592763483339058,9.672,0.3484227327378907,10.423,0.327079105118516,11.523
0.4010544228787358,0.36996275,16632.0,24.20580291748047,-88.7514419555664,0.3577784610099622,8.958,0.0,-0.24702218048093527,-0.9690098257244063,0.3603447784266576,9.655,0.34672979216764,10.346,0.3280641532119547,11.509
0.4038129251116454,0.37314087,16633.0,24.20580291748047,-88.7514419555664,0.36010718825146,8.88,0.0,-0.2636654927280072,-0.9646141756912435,0.3600401666094125,9.477,0.3463692803160426,10.294,0.3294243473033322,11.399
0.4058452593610443,0.37304643,16634.0,24.20580291748047,-88.7514419555664,0.3622891789762968,8.723,0.0,-0.2802306751992161,-0.9599326896597445,0.3587180779800756,9.389,0.3475784008931639,10.256,0.3310075747165922,11.311
0.4073015029199587,0.3724324,16635.0,24.20580291748047,-88.7514419555664,0.3637092923394022,8.645,0.0,-0.2967128192734901,-0.9549667548552553,0.3570177602198557,9.273,0.3501749570594297,10.137,0.3327451047749914,11.314
0.4084545860529027,0.3723024,16636.0,24.20580291748047,-88.7514419555664,0.3639501545860529,8.564,0.0,-0.3131070409358267,-0.9497178427914317,0.3556578323600137,9.197,0.3535525077293027,9.894,0.334708047062865,11.253
0.4095754637581587,0.3717065,16637.0,24.20580291748047,-88.7514419555664,0.3628827550669873,8.496,0.0,-0.3294084822245302,-0.9441875088341994,0.3552037530058399,9.131,0.3568526279628994,9.754,0.3370385005152869,11.147
0.4108152181380969,0.37011534,16638.0,24.20580291748047,-88.7514419555664,0.3607336825833047,8.461,0.0,-0.3456123126707333,-0.9383773917408642,0.3559670559945036,9.029,0.3592763483339058,9.672,0.3398597303332188,11.055
0.4121971916867056,0.3699165,16639.0,24.20580291748047,-88.7514419555664,0.3581005754036413,8.39,0.0,-0.3617137307297674,-0.9322892131745134,0.3577784610099622,8.958,0.3603447784266576,9.655,0.3431476897973204,11.08
0.413589213328753,0.37971443,16640.0,24.20580291748047,-88.7514419555664,0.3558202421848162,8.314,0.0,-0.37770796520396466,-0.9259247771938499,0.36010718825146,8.88,0.3600401666094125,9.477,0.34668458433528,10.983
0.4147028254895225,0.38101155,16641.0,24.20580291748047,-88.7514419555664,0.3546981535554793,8.158,0.0,-0.39359027665646645,-0.9192859697186105,0.3622891789762968,8.723,0.3587180779800756,9.389,0.3500783321882514,11.016
0.4151853744417725,0.38109967,16642.0,24.20580291748047,-88.7514419555664,0.3554078237718996,8.049,0.0,-0.4093559588156211,-0.9123747579707274,0.3637092923394022,8.645,0.3570177602198557,9.273,0.3527985400206115,10.967
0.4147182840948127,0.38524783,16643.0,24.20580291748047,-88.7514419555664,0.3583608897286155,7.988,0.0,-0.42500033996955394,-0.9051931898913975,0.3639501545860529,8.564,0.3556578323600137,9.197,0.3543482737890759,10.895
0.4131403211954655,0.38695326,16644.0,24.20580291748047,-88.7514419555664,0.3635551528684301,7.939,0.0,-0.4405187843504952,-0.8977433935342336,0.3628827550669873,8.496,0.3552037530058399,9.131,0.3544381999312951,10.798
0.4105234197870148,0.38877022,16645.0,24.20580291748047,-88.7514419555664,0.3705371693576091,7.813,0.0,-0.455906693508459,-0.8900275764346766,0.3607336825833047,8.461,0.3559670559945036,9.029,0.3530913002404671,10.704
0.4072031861903127,0.39142713,16646.0,24.20580291748047,-88.7514419555664,0.3785060546204053,7.709,0.0,-0.47115950767386394,-0.8820480249558535,0.3581005754036413,8.39,0.3577784610099622,8.958,0.3508220371006527,10.63
0.4037151322569564,0.39207363,16647.0,24.20580291748047,-88.7514419555664,0.3864644108553762,7.586,0.0,-0.4862727071086902,-0.8738071036110807,0.3558202421848162,8.314,0.36010718825146,8.88,0.3484227327378907,10.423
0.4006430693919615,0.39135596,16648.0,24.20580291748047,-88.7514419555664,0.3934022758502233,7.513,0.0,-0.5012418134457756,-0.8653072543632061,0.3546981535554793,8.158,0.3622891789762968,8.723,0.34672979216764,10.346
0.3985057110958434,0.39294183,16649.0,24.20580291748047,-88.7514419555664,0.3984564324974236,7.378,0.0,-0.5160623910158526,-0.8565509959010037,0.3554078237718996,8.049,0.3637092923394022,8.645,0.3463692803160426,10.294
0.3975896083819993,0.3940323,16650.0,24.20580291748047,-88.7514419555664,0.401085099622123,7.393,0.0,-0.5307300481619331,-0.8475409228928312,0.3583608897286155,7.988,0.3639501545860529,8.564,0.3475784008931639,10.256
0.3979177344555136,0.3964475,16651.0,24.20580291748047,-88.7514419555664,0.4011487203710065,7.298,0.0,-0.5452404385406507,-0.8382797052177745,0.3635551528684301,7.939,0.3628827550669873,8.496,0.3501749570594297,10.137
0.3992462126417039,0.39805165,16652.0,24.20580291748047,-88.7514419555664,0.3990334936447955,7.255,0.0,-0.5595892624101763,-0.828770087174504,0.3705371693576091,7.813,0.3607336825833047,8.461,0.3535525077293027,9.894
0.4011473892133287,0.39660305,16653.0,24.20580291748047,-88.7514419555664,0.3955575833047062,7.196,0.0,-0.5737722679043243,-0.8190148866680802,0.3785060546204053,7.709,0.3581005754036413,8.39,0.3568526279628994,9.754
0.4031052645139127,0.3966766,16654.0,24.20580291748047,-88.7514419555664,0.3917006956372381,7.105,0.0,-0.5877852522924734,-0.8090169943749472,0.3864644108553762,7.586,0.3558202421848162,8.314,0.3592763483339058,9.672
0.4047372895912058,0.39721453,16655.0,24.20580291748047,-88.7514419555664,0.3884068876674682,7.008,0.0,-0.6016240632249227,-0.7987793728863648,0.3934022758502233,7.513,0.3546981535554793,8.158,0.3603447784266576,9.655
0.4058463242871865,0.39916503,16656.0,24.20580291748047,-88.7514419555664,0.3864086568189626,6.946,0.0,-0.6152845999633277,-0.7883050558305253,0.3984564324974236,7.378,0.3554078237718996,8.049,0.3600401666094125,9.477
0.4064440312607351,0.40120637,16657.0,24.20580291748047,-88.7514419555664,0.3861128048780488,6.898,0.0,-0.6287628145958345,-0.7775971469736268,0.401085099622123,7.393,0.3583608897286155,7.988,0.3587180779800756,9.389
0.4066589316386121,0.40175444,16658.0,24.20580291748047,-88.7514419555664,0.387542116111302,6.859,0.0,-0.6420547132365636,-0.7666588193001592,0.4011487203710065,7.298,0.3635551528684301,7.939,0.3570177602198557,9.273
0.4066204053589832,0.40159675,16659.0,24.20580291748047,-88.7514419555664,0.3903341205771213,6.791,0.0,-0.655156357209085,-0.7554933140726804,0.3990334936447955,7.255,0.3705371693576091,7.813,0.3556578323600137,9.197
0.4063793026451391,0.40243968,16660.0,24.20580291748047,-88.7514419555664,0.3938996736516661,6.748,0.0,-0.6680638642135333,-0.7441039398713608,0.3955575833047062,7.196,0.3785060546204053,7.709,0.3552037530058399,9.131
0.4058217279285468,0.40168872,16661.0,24.20580291748047,-88.7514419555664,0.3976411198900721,6.721,0.0,-0.6807734094770159,-0.7324940716135792,0.3917006956372381,7.105,0.3864644108553762,7.586,0.3559670559945036,9.029
0.4048308656818963,0.40004608,16662.0,24.20580291748047,-88.7514419555664,0.4010544228787358,6.699,0.0,-0.6932812268869771,-0.7206671495538615,0.3884068876674682,7.008,0.3934022758502233,7.513,0.3577784610099622,8.958
0.4033776966678118,0.40057012,16663.0,24.20580291748047,-88.7514419555664,0.4038129251116454,6.651,0.0,-0.7055836101071774,-0.7086266782644601,0.3864086568189626,6.946,0.3984564324974236,7.378,0.36010718825146,8.88
0.4015734111989007,0.40599862,16664.0,24.20580291748047,-88.7514419555664,0.4058452593610443,6.675,0.0,-0.7176769136759615,-0.6963762255968726,0.3861128048780488,6.898,0.401085099622123,7.393,0.3622891789762968,8.723
0.3996866970113364,0.40625113,16665.0,24.20580291748047,-88.7514419555664,0.4073015029199587,6.624,0.0,-0.7295575540864876,-0.6839194216246105,0.387542116111302,6.859,0.4011487203710065,7.298,0.3637092923394022,8.645
0.3981428632772243,0.40626547,16666.0,24.20580291748047,-88.7514419555664,0.4084545860529027,6.642,0.0,-0.7412220108485957,-0.6712599575675315,0.3903341205771213,6.791,0.3990334936447955,7.255,0.3639501545860529,8.564
0.3974144452078323,0.406592,16667.0,24.20580291748047,-88.7514419555664,0.4095754637581587,6.614,0.0,-0.7526668275320083,-0.6584015846980489,0.3938996736516661,6.748,0.3955575833047062,7.196,0.3628827550669873,8.496
0.3978600996221229,0.40655562,16668.0,24.20580291748047,-88.7514419555664,0.4108152181380969,6.575,0.0,-0.7638886127905429,-0.64534811322955,0.3976411198900721,6.721,0.3917006956372381,7.105,0.3607336825833047,8.461
0.3995521470285126,0.41097206,16669.0,24.20580291748047,-88.7514419555664,0.4121971916867056,6.551,0.0,-0.7748840413670406,-0.6321034111873488,0.4010544228787358,6.699,0.3884068876674682,7.008,0.3581005754036413,8.39
0.402233553761594,0.41042724,16670.0,24.20580291748047,-88.7514419555664,0.413589213328753,6.398,0.0,-0.7856498550787144,-0.6186714032625032,0.4038129251116454,6.651,0.3864086568189626,6.946,0.3558202421848162,8.314
0.4053371350051529,0.41079432,16671.0,24.20580291748047,-88.7514419555664,0.4147028254895225,6.369,0.0,-0.7961828637826154,-0.6050560696488494,0.4058452593610443,6.675,0.3861128048780488,6.898,0.3546981535554793,8.158
0.4082759446925455,0.41070744,16672.0,24.20580291748047,-88.7514419555664,0.4151853744417725,6.402,0.0,-0.8064799463209447,-0.5912614448635782,0.4073015029199587,6.624,0.387542116111302,6.859,0.3554078237718996,8.049
0.4106063122638269,0.4060805,16673.0,24.20580291748047,-88.7514419555664,0.4147182840948127,6.357,0.0,-0.8165380514459157,-0.5772916165517278,0.4084545860529027,6.642,0.3903341205771213,6.791,0.3583608897286155,7.988
0.4121334507042253,0.4064373,16674.0,24.20580291748047,-88.7514419555664,0.4131403211954655,6.295,0.0,-0.8263541987239095,-0.5631507242749187,0.4095754637581587,6.614,0.3938996736516661,6.748,0.3635551528684301,7.939
0.4130279285468912,0.40683752,16675.0,24.20580291748047,-88.7514419555664,0.4105234197870148,6.306,0.0,-0.8359254794186365,-0.5488429582847199,0.4108152181380969,6.575,0.3976411198900721,6.721,0.3705371693576091,7.813
0.4138271470285126,0.40472007,16676.0,24.20580291748047,-88.7514419555664,0.4072031861903127,6.284,0.0,-0.8452490573530634,-0.5343725582809785,0.4121971916867056,6.551,0.4010544228787358,6.699,0.3785060546204053,7.709
0.4152043284094813,0.39643416,16677.0,24.20580291748047,-88.7514419555664,0.4037151322569564,6.264,0.0,-0.8543221697498269,-0.5197438121555157,0.413589213328753,6.398,0.4038129251116454,6.651,0.3864644108553762,7.586
0.4176813981449674,0.3859391,16678.0,24.20580291748047,-88.7514419555664,0.4006430693919615,6.26,0.0,-0.8631421280499115,-0.5049610547215202,0.4147028254895225,6.369,0.4058452593610443,6.675,0.3934022758502233,7.513
0.421422775678461,0.38150778,16679.0,24.20580291748047,-88.7514419555664,0.3985057110958434,6.189,0.0,-0.8717063187093218,-0.4900286664290594,0.4151853744417725,6.402,0.4073015029199587,6.624,0.3984564324974236,7.378
0.4261259618687736,0.37862167,16680.0,24.20580291748047,-88.7514419555664,0.3975896083819993,6.15,0.0,-0.8800122039735356,-0.4749510720670502,0.4147182840948127,6.357,0.4084545860529027,6.642,0.401085099622123,7.393
0.4310592751631742,0.3774453,16681.0,24.20580291748047,-88.7514419555664,0.3979177344555136,6.076,0.0,-0.888057322629493,-0.4597327394521046,0.4131403211954655,6.295,0.4095754637581587,6.614,0.4011487203710065,7.298
0.4352255496392992,0.3785862,16682.0,24.20580291748047,-88.7514419555664,0.3992462126417039,6.012,0.0,-0.8958392907349089,-0.44437817810461344,0.4105234197870148,6.306,0.4108152181380969,6.575,0.3990334936447955,7.255
0.4375681552731021,0.37851113,16683.0,24.20580291748047,-88.7514419555664,0.4011473892133287,6.013,0.0,-0.9033558023246842,-0.4288919379124841,0.4072031861903127,6.284,0.4121971916867056,6.551,0.3955575833047062,7.196
0.4373234884919271,0.38041824,16684.0,24.20580291748047,-88.7514419555664,0.4031052645139127,6.035,0.0,-0.9106046300942162,-0.41327860778290443,0.4037151322569564,6.264,0.413589213328753,6.398,0.3917006956372381,7.105
0.4342600309172105,0.38717642,16685.0,24.20580291748047,-88.7514419555664,0.4047372895912058,6.016,0.0,-0.9175836260593934,-0.3975428142825566,0.4006430693919615,6.26,0.4147028254895225,6.369,0.3884068876674682,7.008
0.4286300927516317,0.39002168,16686.0,24.20580291748047,-88.7514419555664,0.4058463242871865,6.059,0.0,-0.9242907221930934,-0.3816892202666586,0.3985057110958434,6.189,0.4151853744417725,6.402,0.3864086568189626,6.946
0.4213343868086568,0.39123416,16687.0,24.20580291748047,-88.7514419555664,0.4064440312607351,6.02,0.0,-0.9307239310379793,-0.3657225234972692,0.3975896083819993,6.15,0.4147182840948127,6.357,0.3861128048780488,6.898
0.4136679148059086,0.39310625,16688.0,24.20580291748047,-88.7514419555664,0.4066589316386121,6.106,0.0,-0.9368813462954315,-0.34964745525122826,0.3979177344555136,6.076,0.4131403211954655,6.295,0.387542116111302,6.859
0.4069492013053933,0.38470274,16689.0,24.20580291748047,-88.7514419555664,0.4066204053589832,6.116,0.0,-0.9427611433904206,-0.33346877891818705,0.3992462126417039,6.012,0.4105234197870148,6.306,0.3903341205771213,6.791
0.4022174252834078,0.38263544,16690.0,24.20580291748047,-88.7514419555664,0.4063793026451391,6.104,0.0,-0.9483615800121716,-0.31719128858910595,0.4011473892133287,6.013,0.4072031861903127,6.284,0.3938996736516661,6.748
0.3999866111301958,0.37874278,16691.0,24.20580291748047,-88.7514419555664,0.4058217279285468,6.068,0.0,-0.9536809966304455,-0.300819807635668,0.4031052645139127,6.035,0.4037151322569564,6.264,0.3976411198900721,6.721
0.4001212985228444,0.37658492,16692.0,24.20580291748047,-88.7514419555664,0.4048308656818963,6.053,0.0,-0.9587178169872964,-0.2843591872810036,0.4047372895912058,6.016,0.4006430693919615,6.26,0.4010544228787358,6.699
0.4019621607694951,0.37485647,16693.0,24.20580291748047,-88.7514419555664,0.4033776966678118,6.054,0.0,-0.9634705485641486,-0.26781430516217486,0.4058463242871865,6.059,0.3985057110958434,6.189,0.4038129251116454,6.651
0.4045975180350395,0.3749653,16694.0,24.20580291748047,-88.7514419555664,0.4015734111989007,6.068,0.0,-0.9679377830240642,-0.25119006388481957,0.4064440312607351,6.02,0.3975896083819993,6.15,0.4058452593610443,6.675
0.4070859498454139,0.3748254,16695.0,24.20580291748047,-88.7514419555664,0.3996866970113364,6.039,0.0,-0.9721181966290612,-0.23449138957041052,0.4066589316386121,6.106,0.3979177344555136,6.076,0.4073015029199587,6.624
0.4085778941944349,0.37497294,16696.0,24.20580291748047,-88.7514419555664,0.3981428632772243,6.037,0.0,-0.9760105506323682,-0.21772323039653224,0.4066204053589832,6.116,0.3992462126417039,6.012,0.4084545860529027,6.642
0.4085850652696668,0.376833,16697.0,24.20580291748047,-88.7514419555664,0.3974144452078323,6.087,0.0,-0.9796136916454901,-0.20089055513063528,0.4063793026451391,6.104,0.4011473892133287,6.013,0.4095754637581587,6.614
0.4070415578838886,0.3787512,16698.0,24.20580291748047,-88.7514419555664,0.3978600996221229,6.132,0.0,-0.9829265519799822,-0.18399835165767986,0.4058217279285468,6.068,0.4031052645139127,6.035,0.4108152181380969,6.575
0.4042441944349021,0.37976223,16699.0,24.20580291748047,-88.7514419555664,0.3995521470285126,6.116,0.0,-0.9859481499638303,-0.1670516255021195,0.4048308656818963,6.053,0.4047372895912058,6.016,0.4121971916867056,6.551
0.4006585194091378,0.37976223,16700.0,24.20580291748047,-88.7514419555664,0.402233553761594,6.099,0.0,-0.9886775902323404,-0.15005539834465262,0.4033776966678118,6.054,0.4058463242871865,6.059,0.413589213328753,6.398
0.3967643421504637,0.37988478,16701.0,24.20580291748047,-88.7514419555664,0.4053371350051529,6.106,0.0,-0.9911140639934546,-0.13301470653419636,0.4015734111989007,6.068,0.4064440312607351,6.02,0.4147028254895225,6.369
0.3930175025764342,0.3803032,16702.0,24.20580291748047,-88.7514419555664,0.4082759446925455,6.107,0.0,-0.9932568492674143,-0.11593459959550066,0.3996866970113364,6.039,0.4066589316386121,6.106,0.4151853744417725,6.402
0.389841265888011,0.37987876,16703.0,24.20580291748047,-88.7514419555664,0.4106063122638269,6.075,0.0,-0.9951053111006974,-0.09882013873287211,0.3981428632772243,6.037,0.4066204053589832,6.116,0.4147182840948127,6.357
0.3874943318447269,0.38020125,16704.0,24.20580291748047,-88.7514419555664,0.4121334507042253,6.11,0.0,-0.99665890175417,-0.08167639533042288,0.3974144452078323,6.087,0.4063793026451391,6.104,0.4131403211954655,6.295
0.3860436104431467,0.37912652,16705.0,24.20580291748047,-88.7514419555664,0.4130279285468912,6.121,0.0,-0.9979171608653922,-0.06450844944931625,0.3978600996221229,6.132,0.4058217279285468,6.068,0.4105234197870148,6.306
0.3854150979045002,0.3802063,16706.0,24.20580291748047,-88.7514419555664,0.4138271470285126,6.122,0.0,-0.9988797155850335,-0.04732138832243232,0.3995521470285126,6.116,0.4048308656818963,6.053,0.4072031861903127,6.284
0.3854477155616627,0.38064203,16707.0,24.20580291748047,-88.7514419555664,0.4152043284094813,6.075,0.0,-0.9995462806873573,-0.03012030484690836,0.402233553761594,6.099,0.4033776966678118,6.054,0.4037151322569564,6.264
0.3859484970800412,0.37917823,16708.0,24.20580291748047,-88.7514419555664,0.4176813981449674,6.039,0.0,-0.9999166586547379,-0.012910296075008843,0.4053371350051529,6.106,0.4015734111989007,6.068,0.4006430693919615,6.26
0.3866327550669873,0.37827367,16709.0,24.20580291748047,-88.7514419555664,0.421422775678461,6.163,0.0,-0.9999907397361901,0.004303538296243821,0.4082759446925455,6.107,0.3996866970113364,6.039,0.3985057110958434,6.189
0.3871809515630368,0.37788996,16710.0,24.20580291748047,-88.7514419555664,0.4261259618687736,6.188,0.0,-0.9997685019798909,0.021516097436222233,0.4106063122638269,6.075,0.3981428632772243,6.037,0.3975896083819993,6.15
0.3873709635863965,0.37571913,16711.0,24.20580291748047,-88.7514419555664,0.4310592751631742,6.2,0.0,-0.9992500112396835,0.03872228089217399,0.4121334507042253,6.11,0.3974144452078323,6.087,0.3979177344555136,6.076
0.3870979216763999,0.37203598,16712.0,24.20580291748047,-88.7514419555664,0.4352255496392992,6.173,0.0,-0.9984354211555643,0.05591699010060302,0.4130279285468912,6.121,0.3978600996221229,6.132,0.3992462126417039,6.012
0.3864312521470285,0.36930877,16713.0,24.20580291748047,-88.7514419555664,0.4375681552731021,6.256,0.0,-0.9973249731081555,0.07309512989807776,0.4138271470285126,6.122,0.3995521470285126,6.116,0.4011473892133287,6.013
0.3855328495362419,0.369331,16714.0,24.20580291748047,-88.7514419555664,0.4373234884919271,6.309,0.0,-0.9959189961471792,0.0902516100310407,0.4152043284094813,6.075,0.402233553761594,6.099,0.4031052645139127,6.035
0.384580316042597,0.3688834,16715.0,24.20580291748047,-88.7514419555664,0.4342600309172105,6.375,0.0,-0.994217906893952,0.10738134666416306,0.4176813981449674,6.039,0.4053371350051529,6.106,0.4047372895912058,6.016
0.3837664891789763,0.37206724,16716.0,24.20580291748047,-88.7514419555664,0.4286300927516317,6.413,0.0,-0.9922222094179324,0.12447926388678869,0.421422775678461,6.163,0.4082759446925455,6.107,0.4058463242871865,6.059
0.3832363534867742,0.37685773,16717.0,24.20580291748047,-88.7514419555664,0.4213343868086568,6.488,0.0,-0.989932495087353,0.141540295217043,0.4261259618687736,6.188,0.4106063122638269,6.075,0.4064440312607351,6.02
0.3830259704568876,0.37685773,16718.0,24.20580291748047,-88.7514419555664,0.4136679148059086,6.523,0.0,-0.9873494423939864,0.15855938510313475,0.4310592751631742,6.2,0.4121334507042253,6.11,0.4066589316386121,6.106
0.383013363105462,0.37757596,16719.0,24.20580291748047,-88.7514419555664,0.4069492013053933,6.605,0.0,-0.9844738167520923,0.17553149042142777,0.4352255496392992,6.173,0.4130279285468912,6.121,0.4066204053589832,6.116
0.383020551356922,0.37711012,16720.0,24.20580291748047,-88.7514419555664,0.4022174252834078,6.772,0.0,-0.9813064702716093,0.19245158197082995,0.4375681552731021,6.256,0.4138271470285126,6.122,0.4063793026451391,6.104
0.3828189883201649,0.37755027,16721.0,24.20580291748047,-88.7514419555664,0.3999866111301958,7.011,0.0,-0.9778483415056568,0.20931464596304888,0.4373234884919271,6.309,0.4152043284094813,6.075,0.4058217279285468,6.068
0.3822314153211955,0.3773479,16722.0,24.20580291748047,-88.7514419555664,0.4001212985228444,7.322,0.0,-0.9741004551724206,0.22611568550828803,0.4342600309172105,6.375,0.4176813981449674,6.039,0.4048308656818963,6.053
0.3811547148746135,0.3767651,16723.0,24.20580291748047,-88.7514419555664,0.4019621607694951,7.65,0.0,-0.970063921851507,0.2428497220959358,0.4286300927516317,6.413,0.421422775678461,6.163,0.4033776966678118,6.054
0.3796264943318447,0.37635887,16724.0,24.20580291748047,-88.7514419555664,0.4045975180350395,7.875,0.0,-0.965739937654855,0.25951179706979943,0.4213343868086568,6.488,0.4261259618687736,6.188,0.4015734111989007,6.068
0.3778443318447269,0.3784848,16725.0,24.20580291748047,-88.7514419555664,0.4070859498454139,8.031,0.0,-0.9611297838723007,0.27609697309746883,0.4136679148059086,6.523,0.4310592751631742,6.2,0.3996866970113364,6.039
0.376090243902439,0.37997982,16726.0,24.20580291748047,-88.7514419555664,0.4085778941944349,8.263,0.0,-0.9562348265919058,0.2926003356333479,0.4069492013053933,6.605,0.4352255496392992,6.173,0.3981428632772243,6.037
0.374574132600481,0.3802367,16727.0,24.20580291748047,-88.7514419555664,0.4085850652696668,8.435,0.0,-0.9510565162951536,0.30901699437494723,0.4022174252834078,6.772,0.4375681552731021,6.256,0.3974144452078323,6.087
0.3733573428375129,0.37730637,16728.0,24.20580291748047,-88.7514419555664,0.4070415578838886,8.514,0.0,-0.9455963874271428,0.3253420847119795,0.3999866111301958,7.011,0.4373234884919271,6.309,0.3978600996221229,6.132
0.3723146770869117,0.37944925,16729.0,24.20580291748047,-88.7514419555664,0.4042441944349021,8.706,0.0,-0.9398560579418953,0.341570769167856,0.4001212985228444,7.322,0.4342600309172105,6.375,0.3995521470285126,6.116
0.3711110529027825,0.3787983,16730.0,24.20580291748047,-88.7514419555664,0.4006585194091378,8.962,0.0,-0.9338372288229252,0.35769823883312546,0.4019621607694951,7.65,0.4286300927516317,6.413,0.402233553761594,6.099
0.3693070594297492,0.3769518,16731.0,24.20580291748047,-88.7514419555664,0.3967643421504637,9.116,0.0,-0.9275416835791965,0.3737197147904692,0.4045975180350395,7.875,0.4213343868086568,6.488,0.4053371350051529,6.106
0.3664673823428376,0.3778769,16732.0,24.20580291748047,-88.7514419555664,0.3930175025764342,9.13,0.0,-0.9209712877166346,0.38963044953078774,0.4070859498454139,8.031,0.4136679148059086,6.523,0.4082759446925455,6.107
0.3622879594641016,0.36666557,16733.0,24.20580291748047,-88.7514419555664,0.389841265888011,9.211,0.0,-0.9141279881853337,0.4054257283599973,0.4085778941944349,8.263,0.4069492013053933,6.605,0.4106063122638269,6.075
0.3567324458948814,0.36561507,16734.0,24.20580291748047,-88.7514419555664,0.3874943318447269,9.315,0.0,-0.9070138128026362,0.42110087079608916,0.4085850652696668,8.435,0.4022174252834078,6.772,0.4121334507042253,6.11
0.3500818103744418,0.36413038,16735.0,24.20580291748047,-88.7514419555664,0.3860436104431467,9.438,0.0,-0.8996308696522434,0.4366512319560638,0.4070415578838886,8.514,0.3999866111301958,7.011,0.4130279285468912,6.121
0.3428553246307111,0.36153522,16736.0,24.20580291748047,-88.7514419555664,0.3854150979045002,9.659,0.0,-0.8919813464595487,0.45207220393230374,0.4042441944349021,8.706,0.4001212985228444,7.322,0.4138271470285126,6.122
0.3357177516317416,0.3610775,16737.0,24.20580291748047,-88.7514419555664,0.3854477155616627,9.818,0.0,-0.8840675099433637,0.46735921715800205,0.4006585194091378,8.962,0.4019621607694951,7.65,0.4152043284094813,6.075
0.3293448127791137,0.360786,16738.0,24.20580291748047,-88.7514419555664,0.3859484970800412,9.857,0.0,-0.8758917051442433,0.48250774176121763,0.3967643421504637,9.116,0.4045975180350395,7.875,0.4176813981449674,6.039
0.3242190742013054,0.36043757,16739.0,24.20580291748047,-88.7514419555664,0.3866327550669873,9.919,0.0,-0.867456354729597,0.4975132889071803,0.3930175025764342,9.13,0.4070859498454139,8.031,0.421422775678461,6.163
0.3205780745448299,0.36214945,16740.0,24.20580291748047,-88.7514419555664,0.3871809515630368,10.003,0.0,-0.858763958275803,0.5123714121284235,0.389841265888011,9.211,0.4085778941944349,8.263,0.4261259618687736,6.188
0.3184560288560632,0.36222416,16741.0,24.20580291748047,-88.7514419555664,0.3873709635863965,10.104,0.0,-0.8498170915275277,0.5270777086423724,0.3874943318447269,9.315,0.4085850652696668,8.435,0.4310592751631742,6.2
0.3176356063208519,0.3598772,16742.0,24.20580291748047,-88.7514419555664,0.3870979216763999,10.142,0.0,-0.8406184056344783,0.5416278206559811,0.3860436104431467,9.438,0.4070415578838886,8.514,0.4352255496392992,6.173
0.3177953366540708,0.35859564,16743.0,24.20580291748047,-88.7514419555664,0.3864312521470285,10.127,0.0,-0.8311706263658079,0.5560174366570446,0.3854150979045002,9.659,0.4042441944349021,8.706,0.4375681552731021,6.256
0.3186009103400893,0.3571993,16744.0,24.20580291748047,-88.7514419555664,0.3855328495362419,10.027,0.0,-0.8214765533024145,0.5702422926917867,0.3854477155616627,9.818,0.4006585194091378,8.962,0.4373234884919271,6.309
0.3197632600480934,0.35570717,16745.0,24.20580291748047,-88.7514419555664,0.384580316042597,10.081,0.0,-0.8115390590073611,0.5842981736283683,0.3859484970800412,9.857,0.3967643421504637,9.116,0.4342600309172105,6.375
0.3210573428375129,0.34712502,16746.0,24.20580291748047,-88.7514419555664,0.3837664891789763,10.107,0.0,-0.8013610881746769,0.5981809144059159,0.3866327550669873,9.919,0.3930175025764342,9.13,0.4286300927516317,6.413
0.3223222861559602,0.33858028,16747.0,24.20580291748047,-88.7514419555664,0.3832363534867742,10.21,0.0,-0.7909456567567774,0.6118864012687242,0.3871809515630368,10.003,0.389841265888011,9.211,0.4213343868086568,6.488
0.3234409137753349,0.33483678,16748.0,24.20580291748047,-88.7514419555664,0.3830259704568876,10.337,0.0,-0.780295851070776,0.6254105729852457,0.3873709635863965,10.104,0.3874943318447269,9.315,0.4136679148059086,6.523
0.3242370748883545,0.33405566,16749.0,24.20580291748047,-88.7514419555664,0.383013363105462,10.31,0.0,-0.7694148268839381,0.6387494220515268,0.3870979216763999,10.142,0.3860436104431467,9.438,0.4069492013053933,6.605
0.324493833734112,0.334055,16750.0,24.20580291748047,-88.7514419555664,0.383020551356922,10.358,0.0,-0.7583058084785625,0.6518989958787125,0.3864312521470285,10.127,0.3854150979045002,9.659,0.4022174252834078,6.772
0.324024828237719,0.33321062,16751.0,24.20580291748047,-88.7514419555664,0.3828189883201649,10.425,0.0,-0.7469720876965551,0.6648553979642867,0.3855328495362419,10.027,0.3854477155616627,9.818,0.3999866111301958,7.011
0.3227299038131226,0.3301143,16752.0,24.20580291748047,-88.7514419555664,0.3822314153211955,10.51,0.0,-0.7354170229639858,0.6776147890466887,0.384580316042597,10.081,0.3859484970800412,9.857,0.4001212985228444,7.322
0.3207230075575403,0.32879356,16753.0,24.20580291748047,-88.7514419555664,0.3811547148746135,10.493,0.0,-0.7236440382959123,0.690173388242972,0.3837664891789763,10.107,0.3866327550669873,9.919,0.4019621607694951,7.65
0.3183091463414634,0.32923433,16754.0,24.20580291748047,-88.7514419555664,0.3796264943318447,10.625,0.0,-0.7116566222817751,0.7025274741691566,0.3832363534867742,10.21,0.3871809515630368,10.003,0.4045975180350395,7.875
0.3159124184129165,0.32884333,16755.0,24.20580291748047,-88.7514419555664,0.3778443318447269,10.806,0.0,-0.6994583270516471,0.7146733860429608,0.3830259704568876,10.337,0.3873709635863965,10.104,0.4070859498454139,8.031
0.3139936104431467,0.32736662,16756.0,24.20580291748047,-88.7514419555664,0.376090243902439,10.76,0.0,-0.6870527672236675,0.726607524768565,0.383013363105462,10.31,0.3870979216763999,10.142,0.4085778941944349,8.263
0.3128284695980762,0.32708064,16757.0,24.20580291748047,-88.7514419555664,0.374574132600481,10.889,0.0,-0.6744436188329457,0.7383263540031063,0.383020551356922,10.358,0.3864312521470285,10.127,0.4085850652696668,8.435
0.31246849020955,0.32603556,16758.0,24.20580291748047,-88.7514419555664,0.3733573428375129,10.935,0.0,-0.661634618242279,0.749826401204568,0.3828189883201649,10.425,0.3855328495362419,10.027,0.4070415578838886,8.514
0.312768498797664,0.32557788,16759.0,24.20580291748047,-88.7514419555664,0.3723146770869117,10.951,0.0,-0.6486295610349818,0.7611042586607742,0.3822314153211955,10.51,0.384580316042597,10.081,0.4042441944349021,8.706
0.3134109412572999,0.32601458,16760.0,24.20580291748047,-88.7514419555664,0.3711110529027825,11.025,0.0,-0.6354323008901775,0.7721565844991641,0.3811547148746135,10.493,0.3837664891789763,10.107,0.4006585194091378,8.962
0.314002232909653,0.32954267,16761.0,24.20580291748047,-88.7514419555664,0.3693070594297492,11.012,0.0,-0.622046748440868,0.7829801036770625,0.3796264943318447,10.625,0.3832363534867742,10.21,0.3967643421504637,9.116
0.3141989866025421,0.33513528,16762.0,24.20580291748047,-88.7514419555664,0.3664673823428376,11.149,0.0,-0.6084768701151264,0.7935716089521472,0.3778443318447269,10.806,0.3830259704568876,10.337,0.3930175025764342,9.13
0.3137700790106492,0.3347982,16763.0,24.20580291748047,-88.7514419555664,0.3622879594641016,11.258,0.0,-0.594726686960764,0.8039279618328208,0.376090243902439,10.76,0.383013363105462,10.31,0.389841265888011,9.211
0.3127273102026794,0.33512264,16764.0,24.20580291748047,-88.7514419555664,0.3567324458948814,11.37,0.0,-0.5808002734538014,0.8140460935082175,0.374574132600481,10.889,0.383020551356922,10.358,0.3874943318447269,9.315
0.3112739264857437,0.33498576,16765.0,24.20580291748047,-88.7514419555664,0.3500818103744418,11.505,0.0,-0.5667017562911184,0.8239230057575536,0.3733573428375129,10.935,0.3828189883201649,10.425,0.3860436104431467,9.438
0.3097056080384747,0.33486077,16766.0,24.20580291748047,-88.7514419555664,0.3428553246307111,11.646,0.0,-0.5524353131676203,0.8335557718385695,0.3723146770869117,10.951,0.3822314153211955,10.51,0.3854150979045002,9.659
0.308227387495706,0.33497882,16767.0,24.20580291748047,-88.7514419555664,0.3357177516317416,11.832,0.0,-0.5380051715382992,0.8429415373547832,0.3711110529027825,11.025,0.3811547148746135,10.493,0.3854477155616627,9.818
0.3069336997595328,0.33497882,16768.0,24.20580291748047,-88.7514419555664,0.3293448127791137,11.853,0.0,-0.5234156073655503,0.8520775211013093,0.3693070594297492,11.012,0.3796264943318447,10.625,0.3859484970800412,9.857
0.3058189024390244,0.32967612,16769.0,24.20580291748047,-88.7514419555664,0.3242190742013054,11.976,0.0,-0.5086709438521042,0.8609610158889945,0.3664673823428376,11.149,0.3778443318447269,10.806,0.3866327550669873,9.919
0.3048201047749914,0.32988867,16770.0,24.20580291748047,-88.7514419555664,0.3205780745448299,12.195,0.0,-0.4937755501599774,0.8695893893466109,0.3622879594641016,11.258,0.376090243902439,10.76,0.3871809515630368,10.003
